name,G,AB,R,H,2B,3B,HR,RBI,SB,CS,BB,SO
A.J. Ellis,133,423,44,114,20,1,13,52,0,0,65,107
A.J. Pierzynski,135,479,68,133,18,4,27,77,0,0,28,78
A.J. Pollock,31,81,8,20,4,1,2,8,1,2,9,11
Aaron Cunningham,72,97,5,17,4,0,1,7,0,3,9,25
Aaron Hill,156,609,93,184,44,6,26,85,14,5,52,86
Adam Dunn,151,539,87,110,19,0,41,96,2,1,105,222
Adam Eaton,22,85,19,22,3,2,2,5,2,3,14,15
Adam Greenberg,1,1,0,0,0,0,0,0,0,0,0,1
Adam Jones,162,648,103,186,39,3,32,82,16,7,34,126
Adam Kennedy,86,168,22,44,8,1,2,16,1,1,23,33
Adam LaRoche,154,571,76,155,35,1,33,100,1,1,67,138
Adam Lind,93,321,28,82,14,2,11,45,0,0,29,61
Adam Moore,4,11,1,2,1,0,1,2,0,0,1,3
Adam Rosales,42,99,12,22,5,0,2,8,0,0,11,24
Adeiny Hechavarria,41,126,10,32,8,0,2,15,0,0,4,32
Adrian Beltre,156,604,95,194,33,2,36,102,1,0,36,82
Adrian Cardenas,45,60,5,11,6,0,0,2,0,0,7,13
Adrian Gonzalez,159,629,75,188,47,1,18,108,2,0,42,110
Adron Chambers,41,54,4,12,0,2,0,4,2,1,5,18
Albert Pujols,154,607,85,173,50,0,30,105,8,1,52,76
Alberto Callaspo,138,457,55,115,20,0,10,53,4,3,56,59
Alberto Gonzalez,24,54,7,13,2,1,0,4,0,0,0,9
Alcides Escobar,155,605,68,177,30,7,5,52,35,5,27,100
Alejandro De Aza,131,524,81,147,29,6,9,50,26,12,47,109
Alex Avila,116,367,42,89,21,2,9,48,2,0,61,104
Alex Castellanos,16,23,3,4,0,1,1,3,0,0,0,8
Alex Gonzalez,24,81,8,21,4,0,4,15,1,1,6,15
Alex Gordon,161,642,93,189,51,5,14,72,10,5,73,140
Alex Liddi,38,116,8,26,4,1,3,10,2,1,9,49
Alex Presley,104,346,46,82,14,7,10,25,9,7,18,72
Alex Rios,157,605,93,184,37,8,25,91,23,6,26,92
Alex Rodriguez,122,463,74,126,17,1,18,57,13,1,51,116
Alexei Ramirez,158,593,59,157,24,4,9,73,20,7,16,77
Alexi Amarista,105,275,35,66,15,5,5,32,8,4,17,42
Alexi Casilla,106,299,33,72,17,2,1,30,21,1,16,52
Alfonso Soriano,151,561,68,147,33,2,32,108,6,2,44,153
Ali Solis,5,4,0,0,0,0,0,0,0,0,0,2
Allen Craig,119,469,76,144,35,0,22,92,2,1,37,89
Andre Ethier,149,556,79,158,36,1,20,89,2,2,50,124
Andrelton Simmons,49,166,17,48,8,2,3,19,1,0,12,21
Andres Torres,132,374,47,86,17,7,3,35,13,5,52,90
Andrew Brown,46,112,14,26,7,0,5,11,2,2,12,34
Andrew McCutchen,157,593,107,194,29,6,31,96,20,12,70,132
Andrew Romine,12,17,2,7,0,0,0,1,1,0,3,3
Andruw Jones,94,233,27,46,7,0,14,34,0,0,28,71
Andy Dirks,88,314,56,101,18,5,8,35,1,1,23,53
Andy Parrino,55,116,9,24,5,0,1,6,1,0,17,35
Angel Pagan,154,605,95,174,38,15,8,56,29,7,48,97
Anthony Gose,56,166,25,37,7,3,1,11,15,3,17,59
Anthony Recker,22,49,4,7,2,0,1,4,0,0,6,15
Anthony Rizzo,87,337,44,96,15,0,15,48,3,2,27,62
Aramis Ramirez,149,570,92,171,50,3,27,105,9,2,44,82
Asdrubal Cabrera,143,555,70,150,35,1,16,68,9,4,52,99
Aubrey Huff,52,78,7,15,4,0,1,7,0,0,16,12
Austin Jackson,137,543,103,163,29,10,16,66,12,9,67,134
Austin Kearns,87,147,21,36,6,0,4,16,2,1,22,44
Avisail Garcia,23,47,7,15,0,0,0,3,0,2,3,10
B.J. Upton,146,573,79,141,29,3,28,78,31,6,45,169
Ben Francisco,82,192,14,46,14,1,4,15,0,1,13,49
Ben Revere,124,511,70,150,13,6,0,32,40,9,29,54
Ben Zobrist,157,560,88,151,39,7,20,74,14,9,97,103
Bill Hall,7,9,2,2,0,0,1,1,0,0,5,7
Billy Butler,161,614,72,192,32,1,29,107,2,1,54,111
Blake DeWitt,18,29,1,4,1,0,0,1,0,0,0,2
Blake Lalli,6,15,1,2,0,0,0,2,0,0,1,3
Blake Tekotte,11,15,0,2,0,0,0,0,1,0,0,4
Bobby Abreu,100,219,29,53,11,1,3,24,6,2,37,56
Bobby Wilson,75,171,19,36,5,0,3,13,0,0,15,33
Brad Eldred,5,16,1,3,1,1,0,1,0,0,1,6
Brandon Allen,10,20,3,2,0,0,1,3,0,0,2,9
Brandon Barnes,43,98,8,20,3,0,1,7,1,1,5,29
Brandon Belt,145,411,47,113,27,6,7,56,12,2,54,106
Brandon Crawford,143,435,44,108,26,3,4,45,1,4,33,95
Brandon Guyer,3,7,2,1,0,0,1,1,0,0,0,1
Brandon Hicks,22,64,8,11,5,0,3,7,1,0,6,31
Brandon Inge,83,303,33,66,14,0,12,54,0,1,24,91
Brandon Laird,17,35,2,9,1,0,1,4,0,0,2,8
Brandon Moss,84,265,48,77,18,0,21,52,1,1,26,90
Brandon Phillips,147,580,86,163,30,1,18,77,15,2,28,79
Brandon Snyder,40,65,11,18,2,0,3,9,0,0,3,26
Brayan Pena,68,212,16,50,10,1,2,25,0,1,9,24
Brendan Ryan,141,407,42,79,19,3,3,31,11,5,44,98
Brennan Boesch,132,470,52,113,22,2,12,54,6,3,26,104
Brent Lillibridge,102,190,25,37,6,0,3,10,13,2,11,71
Brent Morel,35,113,14,20,2,0,0,5,4,1,7,39
Brett Carroll,5,2,2,0,0,0,0,0,0,0,0,0
Brett Gardner,16,31,7,10,2,0,0,3,2,2,5,7
Brett Hayes,39,114,7,23,6,0,0,3,1,0,4,49
Brett Jackson,44,120,14,21,6,1,4,9,0,3,22,59
Brett Lawrie,125,494,73,135,26,3,11,48,13,8,33,86
Brett Pill,48,105,10,22,3,0,4,11,1,0,6,19
Brett Wallace,66,229,24,58,10,1,9,24,0,0,18,73
Brian Bixler,36,88,11,17,6,0,2,7,3,0,7,36
Brian Bogusevic,146,355,39,72,9,2,7,28,15,4,41,96
Brian Dozier,84,316,33,74,11,1,6,33,9,2,16,58
Brian McCann,121,439,44,101,14,0,20,67,3,0,44,76
Brian Roberts,17,66,2,12,0,0,0,5,1,1,5,12
Brian Schneider,34,89,9,20,5,0,2,7,0,0,5,15
Brock Holt,24,65,6,19,2,1,0,3,0,0,4,14
Brooks Conrad,49,98,6,13,5,0,4,15,0,0,6,43
Bryan Anderson,10,12,2,3,1,0,0,0,1,0,1,6
Bryan Holaday,6,12,3,3,1,0,0,0,0,0,0,2
Bryan LaHair,130,340,42,88,17,0,16,40,4,2,39,124
Bryan Petersen,84,241,29,47,9,3,0,17,8,2,25,58
Bryce Harper,139,533,98,144,26,9,22,59,18,6,56,120
Buster Posey,148,530,78,178,39,1,24,103,1,1,69,96
Cameron Maybin,147,507,67,123,20,5,8,45,26,7,44,110
Carl Crawford,31,117,23,33,10,2,3,19,5,0,3,22
Carlos Beltran,151,547,83,147,26,1,32,97,13,6,65,124
Carlos Corporan,27,78,5,21,2,0,4,13,0,1,4,19
Carlos Gomez,137,415,72,108,19,4,19,51,37,6,20,98
Carlos Gonzalez,135,518,89,157,31,5,22,85,20,5,56,115
Carlos Lee,147,550,53,145,27,1,9,77,3,0,58,49
Carlos Maldonado,4,9,0,0,0,0,0,1,0,0,2,4
Carlos Peguero,17,56,2,10,2,1,2,7,0,0,1,28
Carlos Pena,160,497,72,98,17,2,19,61,2,3,87,182
Carlos Quentin,86,284,44,74,21,0,16,46,0,1,36,41
Carlos Ruiz,114,372,56,121,32,0,16,68,4,0,29,50
Carlos Santana,143,507,72,128,27,2,18,76,3,5,91,101
Carlos Triunfel,10,22,2,5,2,0,0,3,0,0,1,4
Casey Kotchman,142,463,46,106,12,0,12,55,3,0,26,49
Casey McGehee,114,318,36,69,16,1,9,41,1,1,29,70
Casper Wells,93,285,42,65,12,3,10,36,3,0,26,80
Cesar Izturis,62,166,13,40,7,2,2,11,1,1,3,13
Chad Tracy,73,93,7,25,7,0,3,14,0,0,10,15
Charlie Blackmon,42,113,15,32,8,0,2,9,1,2,4,17
Charlie Culberson,6,22,0,3,0,0,0,1,0,0,0,7
Chase Headley,161,604,95,173,31,2,31,115,17,6,86,157
Chase Utley,83,301,48,77,15,2,11,45,11,1,43,43
Chase d'Arnaud,8,6,2,0,0,0,0,1,1,0,0,2
Che-Hsuan Lin,9,12,1,3,0,0,0,0,0,0,0,5
Chipper Jones,112,387,58,111,23,0,14,62,1,0,57,51
Chone Figgins,66,166,18,30,5,2,2,11,4,1,19,48
Chris Carter,67,218,38,52,12,0,16,39,0,0,39,83
Chris Coghlan,39,93,10,13,1,0,1,10,0,2,9,12
Chris Davis,139,515,75,139,20,0,33,85,2,3,37,169
Chris Denorfia,130,348,56,102,19,6,8,36,13,5,27,52
Chris Dickerson,25,14,5,4,0,0,2,5,3,0,3,5
Chris Getz,64,189,22,52,10,3,0,17,9,3,11,17
Chris Gimenez,42,100,10,26,4,0,1,9,0,0,8,24
Chris Heisey,120,347,44,92,16,5,7,31,6,3,18,81
Chris Herrmann,7,18,0,1,0,0,0,1,0,0,1,5
Chris Iannetta,79,221,27,53,6,1,9,26,1,3,29,60
Chris Johnson,136,488,48,137,28,5,15,76,5,1,31,132
Chris Nelson,111,345,45,104,21,3,9,53,2,1,27,84
Chris Parmelee,64,192,18,44,10,2,5,19,0,0,13,52
Chris Snyder,76,221,23,39,8,0,7,24,0,0,33,70
Chris Stewart,55,141,15,34,8,0,1,13,2,0,10,21
Chris Young,101,325,36,75,24,0,14,41,8,3,36,79
Clete Thomas,12,28,2,4,1,0,1,4,0,0,0,16
Cliff Pennington,125,418,50,90,18,2,6,28,15,6,35,90
Clint Barmes,144,455,34,104,16,1,8,45,0,2,20,106
Clint Robinson,4,4,0,0,0,0,0,0,0,0,0,2
Coco Crisp,120,455,68,118,25,7,11,46,39,4,45,64
Cody Ransom,90,246,29,54,14,0,11,42,0,1,30,109
Cody Ross,130,476,70,127,34,1,22,81,2,3,42,129
Colby Rasmus,151,565,75,126,21,5,23,75,4,3,47,149
Collin Cowgill,38,104,10,28,2,0,1,9,3,4,11,27
Conor Gillaspie,6,20,2,3,1,0,0,2,0,0,0,2
Cord Phelps,14,33,2,7,0,0,1,5,0,0,1,10
Corey Brown,19,25,4,5,2,0,1,3,0,0,1,9
Corey Hart,149,562,91,152,35,4,30,83,5,0,44,151
Craig Gentry,122,240,31,73,12,3,1,26,13,7,14,41
Curtis Granderson,160,596,102,138,18,4,43,106,10,3,75,195
DJ LeMahieu,81,229,26,68,12,4,2,22,1,2,13,42
Dan Johnson,14,22,8,8,1,0,3,6,0,0,9,3
Dan Uggla,154,523,86,115,29,0,19,78,4,3,94,168
Daniel Descalso,143,374,41,85,10,7,4,26,6,3,37,83
Daniel Murphy,156,571,62,166,40,3,6,65,10,2,36,82
Daniel Nava,88,267,38,65,21,0,6,33,3,0,37,63
Danny Espinosa,160,594,82,147,37,2,17,56,20,6,46,189
Danny Valencia,44,154,14,29,6,1,3,21,0,1,3,38
Danny Worth,43,74,9,16,3,0,0,3,0,0,13,23
Daric Barton,46,113,8,23,7,0,1,6,1,0,22,32
Darin Mastroianni,77,163,22,41,3,2,3,17,21,3,18,45
Darin Ruf,12,33,4,11,2,1,3,10,0,0,2,12
Darnell McDonald,42,88,17,18,7,0,2,9,1,1,12,19
Darwin Barney,156,548,73,139,26,4,7,44,6,1,33,58
Dave Sappelt,26,69,8,19,6,0,2,8,0,0,7,9
David Cooper,45,140,16,42,11,0,4,11,0,1,4,22
David DeJesus,148,506,76,133,28,8,9,50,7,8,61,89
David Freese,144,501,70,147,25,1,20,79,3,3,57,122
David Lough,20,59,9,14,2,1,0,2,1,0,4,9
David Murphy,147,457,65,139,29,3,15,61,10,5,54,74
David Ortiz,90,324,65,103,26,0,23,60,0,1,56,51
David Ross,62,176,18,45,7,0,9,23,1,0,18,60
David Wright,156,581,91,178,41,2,21,93,15,10,81,112
Dayan Viciedo,147,505,64,129,18,1,25,78,0,2,28,120
DeWayne Wise,101,224,31,58,10,2,8,30,19,4,11,52
Dee Gordon,87,303,38,69,9,2,1,17,32,10,20,62
Delmon Young,151,574,54,153,27,1,18,74,0,2,20,112
Denard Span,128,516,71,146,38,4,4,41,17,6,47,62
Denis Phipps,8,10,4,3,1,0,1,2,0,0,1,4
Derek Jeter,159,683,99,216,32,0,15,58,9,4,45,90
Derek Norris,60,209,19,42,8,1,7,34,5,1,21,66
Desmond Jennings,132,505,85,124,19,7,13,47,31,2,46,120
Devin Mesoraco,54,165,17,35,8,0,5,14,1,1,17,33
Dexter Fowler,143,454,72,136,18,11,13,53,12,5,68,128
Didi Gregorius,8,20,1,6,0,0,0,2,0,0,0,5
Dioner Navarro,24,69,6,20,3,1,2,12,0,0,2,12
Domonic Brown,56,187,21,44,11,2,5,26,0,0,21,34
Don Kelly,75,113,14,21,2,1,1,7,2,0,14,22
Donnie Murphy,52,116,13,25,6,2,3,12,1,1,9,35
Donovan Solano,93,285,29,84,11,3,2,28,7,0,21,58
Drew Butera,42,111,7,22,6,0,1,5,0,0,9,26
Drew Stubbs,136,493,75,105,13,2,14,40,30,7,42,166
Drew Sutton,42,122,12,31,12,1,1,13,0,1,6,42
Dustin Ackley,153,607,84,137,22,2,12,50,13,3,59,124
Dustin Pedroia,141,563,81,163,39,3,15,65,20,6,48,60
Eddy Rodriguez,2,5,1,1,0,0,1,1,0,0,2,3
Eduardo Escobar,50,131,18,28,4,1,0,9,3,0,11,31
Eduardo Nunez,38,89,14,26,4,1,1,11,11,2,6,12
Edwin Encarnacion,151,542,93,152,24,0,42,110,13,3,84,94
Edwin Maysonet,30,60,7,15,1,1,1,4,1,0,3,9
Eli Whiteside,12,11,3,1,1,0,0,2,0,0,1,4
Elian Herrera,67,187,26,47,10,1,1,17,4,2,23,50
Elliot Johnson,123,297,32,72,10,2,6,33,18,6,24,84
Elvis Andrus,158,629,85,180,31,9,3,62,21,10,57,96
Emilio Bonifacio,64,244,30,63,3,4,1,11,30,3,25,52
Endy Chavez,64,158,15,32,6,0,2,12,3,2,6,24
Eric Chavez,113,278,36,78,12,0,16,37,0,0,30,59
Eric Farris,13,8,1,1,0,0,0,0,1,0,1,2
Eric Fryer,6,4,0,1,0,0,0,0,0,0,1,1
Eric Hinske,91,132,9,26,7,1,2,13,0,0,14,41
Eric Hosmer,152,535,65,124,22,2,14,60,16,1,56,95
Eric Sogard,37,102,8,17,3,1,2,7,2,0,5,17
Eric Thames,86,271,27,63,12,3,9,25,1,1,15,87
Eric Young Jr.,98,174,36,55,7,2,4,15,14,2,13,31
Erick Aybar,141,517,67,150,31,5,8,45,20,4,22,61
Erik Komatsu,30,51,5,11,0,0,0,1,0,0,6,5
Erik Kratz,50,141,14,35,9,0,9,26,0,0,11,34
Eury Perez,13,5,3,1,0,0,0,0,3,0,0,0
Evan Longoria,74,273,39,79,14,0,17,55,2,3,33,61
Everth Cabrera,115,398,49,98,19,3,2,24,44,4,43,110
Ezequiel Carrera,48,147,20,40,6,3,2,11,8,1,8,35
Fernando Martinez,41,118,12,28,7,1,6,14,0,1,6,34
Francisco Cervelli,3,1,1,0,0,0,0,0,0,0,1,0
Francisco Peguero,17,16,6,3,0,0,0,0,3,0,0,7
Franklin Gutierrez,40,150,18,39,10,1,4,17,3,1,9,31
Fred Lewis,18,20,2,3,0,0,0,0,0,0,4,5
Freddie Freeman,147,540,91,140,33,2,23,94,2,0,64,129
Freddy Galvis,58,190,14,43,15,1,3,24,0,0,7,29
Gaby Sanchez,105,299,30,65,16,0,7,30,1,0,25,56
Garrett Jones,145,475,68,130,28,3,27,86,2,0,33,103
Geoff Blum,17,28,1,4,0,0,0,1,0,0,2,7
George Kottaras,85,171,20,36,6,1,9,31,0,0,37,48
Geovany Soto,99,324,45,64,12,1,11,39,1,0,30,76
Gerald Laird,63,174,24,49,8,1,2,11,0,0,14,21
Gerardo Parra,133,385,58,105,21,2,7,36,15,9,33,77
Giancarlo Stanton,123,449,75,130,30,1,37,86,6,2,46,143
Gil Velazquez,19,56,2,13,1,0,0,2,0,0,1,11
Gordon Beckham,151,525,62,123,24,0,16,60,5,4,40,89
Gorkys Hernandez,70,156,18,30,2,3,3,13,7,2,13,42
Greg Dobbs,120,319,26,91,13,2,5,39,4,2,14,53
Gregor Blanco,141,393,56,96,14,5,5,34,26,6,51,104
Guillermo Quiroz,2,2,0,0,0,0,0,0,0,0,0,1
Hank Conger,7,18,0,3,0,0,0,1,0,0,1,0
Hanley Ramirez,157,604,79,155,29,4,24,92,21,7,54,132
Hector Gimenez,5,11,1,5,0,0,0,1,0,0,0,3
Hector Luna,28,62,5,14,2,0,2,10,0,0,4,14
Hector Sanchez,74,218,22,61,15,0,3,34,0,0,5,52
Henry Blanco,21,64,6,12,3,0,1,7,1,0,3,18
Henry Rodriguez,12,14,0,3,1,0,0,2,0,0,2,2
Hernan Perez,2,2,1,1,0,0,0,0,0,0,0,0
Hideki Matsui,34,95,7,14,1,0,2,7,0,0,8,22
Howie Kendrick,147,550,57,158,32,3,8,67,14,6,29,115
Humberto Quintero,43,138,7,32,12,0,1,19,0,1,4,28
Hunter Pence,160,617,87,156,26,4,24,104,5,2,56,145
Ian Desmond,130,513,72,150,33,2,25,73,21,6,30,113
Ian Kinsler,157,655,105,168,42,5,19,72,21,9,60,90
Ian Stewart,55,179,16,36,5,2,5,17,0,3,21,46
Ichiro Suzuki,162,629,77,178,28,6,9,55,29,7,22,61
Ike Davis,156,519,66,118,26,0,32,90,0,2,61,141
Irving Falu,24,85,14,29,6,1,0,7,0,2,4,9
Ivan De Jesus,31,41,5,9,3,0,0,4,1,1,3,13
J.D. Martinez,113,395,34,95,14,3,11,55,0,2,40,96
J.J. Hardy,158,663,85,158,30,2,22,68,0,0,38,106
J.P. Arencibia,102,347,45,81,16,0,18,56,1,0,18,108
Jack Hannahan,105,287,23,70,16,0,4,29,0,2,27,63
Jack Wilson,40,71,4,12,1,1,0,4,0,0,2,12
Jacoby Ellsbury,74,303,43,82,18,0,4,26,14,3,19,43
Jake Elmore,30,68,1,13,4,0,0,7,0,0,5,6
James Darnell,7,17,1,4,1,0,1,1,0,0,2,2
James Loney,144,434,37,108,20,0,6,41,0,3,28,51
Jamey Carroll,138,470,65,126,18,1,1,40,9,5,52,65
Jarrod Dyson,102,292,52,76,8,5,0,9,30,5,30,56
Jarrod Saltalamacchia,121,405,55,90,17,1,25,59,0,1,38,139
Jason Bartlett,29,83,8,11,5,0,0,4,0,0,12,27
Jason Bay,70,194,21,32,2,0,8,20,5,1,19,58
Jason Bourgeois,30,62,10,16,2,1,0,5,5,4,4,4
Jason Castro,87,257,29,66,15,2,6,29,0,0,31,61
Jason Donald,43,124,18,25,2,1,2,11,4,0,5,40
Jason Giambi,60,89,7,20,4,0,1,8,0,0,20,24
Jason Heyward,158,587,93,158,30,6,27,82,21,8,58,152
Jason Kipnis,152,591,86,152,22,4,14,76,31,7,67,109
Jason Kubel,141,506,75,128,30,4,30,90,1,1,57,151
Jason Pridie,9,10,1,3,1,0,1,3,0,0,0,0
Jason Repko,5,11,0,1,0,0,0,0,0,0,0,4
Jay Bruce,155,560,89,141,35,5,34,99,9,3,62,155
Jayson Nix,74,177,24,43,13,0,4,18,6,3,14,53
Jayson Werth,81,300,42,90,21,3,5,31,8,2,42,57
Jean Boscan,6,10,0,2,0,0,0,2,0,0,0,1
Jean Segura,45,151,19,39,4,3,0,14,7,1,13,23
Jed Lowrie,97,340,43,83,18,0,16,42,2,0,43,65
Jeff Baker,83,188,18,45,12,1,4,25,4,1,11,48
Jeff Bianchi,33,69,8,13,2,0,3,9,0,0,4,13
Jeff Clement,23,22,1,3,1,0,0,1,0,0,2,7
Jeff Francoeur,148,561,58,132,26,3,16,49,4,7,34,119
Jeff Keppinger,115,385,46,125,15,1,9,40,1,0,24,31
Jeff Mathis,71,211,25,46,13,0,8,27,1,0,9,68
Jemile Weeks,118,444,54,98,15,8,2,20,16,5,50,70
Jeremy Hermida,13,24,2,6,1,1,0,2,1,0,3,7
Jerry Hairston Jr.,78,238,19,65,13,1,4,26,1,2,23,27
Jerry Sands,9,23,2,4,2,0,0,1,0,0,1,9
Jesus Flores,83,277,22,59,12,1,6,26,1,2,13,59
Jesus Guzman,120,287,32,71,18,2,9,48,3,3,29,71
Jesus Montero,135,515,46,134,20,0,15,62,0,2,29,99
Jhonatan Solano,12,35,6,11,3,0,2,6,1,0,2,5
Jhonny Peralta,150,531,58,127,32,3,13,63,1,2,49,105
Jim Thome,58,163,17,41,7,0,8,25,0,0,22,61
Jimmy Paredes,24,74,7,14,1,1,0,3,2,1,6,21
Jimmy Rollins,156,632,102,158,33,5,23,68,30,5,62,96
Joaquin Arias,112,319,30,86,13,5,5,34,5,1,13,44
Joe Mahoney,2,4,0,0,0,0,0,0,0,0,0,0
Joe Mather,103,225,18,47,11,0,5,19,5,2,14,46
Joe Mauer,147,545,81,174,31,4,10,85,8,4,90,88
Joey Votto,111,374,59,126,44,0,14,56,5,3,94,85
John Baker,63,193,17,46,8,0,0,14,2,1,20,41
John Buck,106,343,29,66,15,1,12,41,0,0,49,103
John Hester,39,85,14,18,1,0,3,4,0,0,8,25
John Jaso,108,294,41,81,19,2,10,50,5,0,56,51
John Mayberry,149,441,53,108,24,0,14,46,1,0,34,111
John McDonald,70,197,16,49,9,0,6,22,0,1,12,33
Johnny Damon,64,207,25,46,6,2,4,19,4,0,17,27
Johnny Giavotella,53,181,21,43,7,1,1,15,3,0,8,35
Jon Jay,117,443,70,135,22,4,4,40,19,7,34,71
Jonathan Herrera,86,225,29,59,9,1,3,12,4,1,16,39
Jonathan Lucroy,96,316,46,101,17,4,12,58,4,1,22,44
Jonny Gomes,99,279,46,73,10,0,18,47,3,1,44,104
Jordan Danks,50,67,12,15,1,0,1,4,3,1,6,16
Jordan Pacheco,132,475,51,147,32,3,5,54,7,2,22,61
Jordan Schafer,106,313,40,66,10,2,4,23,27,9,36,106
Jordany Valdespin,94,191,28,46,9,1,8,26,10,3,10,44
Jordy Mercer,42,62,7,13,5,1,1,5,0,1,4,14
Jose Altuve,147,576,80,167,34,4,7,37,33,11,40,74
Jose Bautista,92,332,64,80,14,0,27,65,5,2,59,63
Jose Constanza,37,76,8,19,2,0,0,4,5,2,8,21
Jose Iglesias,25,68,5,8,2,0,1,2,1,0,4,16
Jose Lobaton,69,167,16,37,10,0,2,20,0,1,24,46
Jose Lopez,81,236,18,58,14,0,4,28,0,1,9,41
Jose Molina,102,251,27,56,9,0,8,32,3,1,20,60
Jose Reyes,160,642,86,184,37,12,11,57,40,11,63,56
Jose Tabata,103,333,43,81,20,3,3,16,8,12,29,58
Josh Bell,21,52,3,9,2,0,1,4,0,0,4,14
Josh Donaldson,75,274,34,66,16,0,9,33,4,1,14,61
Josh Hamilton,148,562,103,160,31,2,43,128,7,4,60,162
Josh Harrison,104,249,34,58,9,5,3,16,7,3,10,37
Josh Reddick,156,611,85,148,29,5,32,85,11,1,55,151
Josh Rutledge,73,277,37,76,20,5,8,37,7,0,9,54
Josh Satin,1,1,0,0,0,0,0,0,0,0,0,1
Josh Thole,104,321,24,75,15,0,1,21,0,0,27,50
Josh Vitters,36,99,7,12,2,0,2,5,2,0,7,33
Josh Willingham,145,519,85,135,30,1,35,110,3,2,76,141
Juan Diaz,5,15,4,4,0,0,0,0,0,0,1,5
Juan Francisco,93,192,17,45,11,0,9,32,1,1,11,70
Juan Pierre,130,394,59,121,10,6,1,25,37,7,23,27
Juan Rivera,109,312,30,76,14,0,9,47,1,3,18,35
Juan Uribe,66,162,15,31,9,0,2,17,0,1,13,37
Jurickson Profar,9,17,2,3,2,0,1,2,0,0,0,4
Justin Christian,34,56,6,7,1,0,0,2,2,1,5,3
Justin Maxwell,124,315,46,72,13,3,18,53,9,4,32,114
Justin Morneau,134,505,63,135,26,2,19,77,1,0,49,102
Justin Ruggiano,91,288,38,90,23,1,13,36,14,8,29,84
Justin Sellers,19,44,6,9,3,1,1,2,0,0,5,14
Justin Smoak,132,483,49,105,14,0,19,51,1,0,49,111
Justin Turner,94,171,20,46,13,1,2,19,1,1,9,24
Justin Upton,150,554,107,155,24,4,17,67,18,8,63,121
Kelly Johnson,142,507,61,114,19,2,16,55,14,2,62,159
Kelly Shoppach,76,219,23,51,14,2,8,27,1,0,16,89
Kendrys Morales,134,484,61,132,26,1,22,73,0,1,31,116
Kevin Frandsen,55,195,24,66,10,3,2,14,0,1,9,18
Kevin Mattison,3,5,0,0,0,0,0,0,0,0,0,2
Kevin Youkilis,122,438,72,103,15,2,19,60,0,0,51,108
Kila Ka'aihue,39,128,13,30,9,0,4,14,1,0,10,28
Kirk Nieuwenhuis,91,282,40,71,12,1,7,28,4,4,25,98
Kole Calhoun,21,23,2,4,1,0,0,1,1,0,2,6
Konrad Schmidt,4,7,1,0,0,0,0,2,0,0,1,2
Kosuke Fukudome,24,41,2,7,1,0,0,4,0,1,8,9
Koyie Hill,11,39,3,7,1,0,0,1,0,0,0,7
Kristopher Negron,4,4,2,1,0,0,0,0,0,0,1,2
Kurt Suzuki,118,408,36,96,20,0,6,43,2,0,20,73
Kyle Blanks,4,5,0,1,0,0,0,0,0,0,1,2
Kyle Seager,155,594,62,154,35,1,20,86,13,5,46,110
L.J. Hoes,2,1,0,0,0,0,0,0,0,0,0,0
Lance Berkman,32,81,12,21,7,1,2,7,2,0,14,19
Lars Anderson,6,8,1,1,0,0,0,0,0,0,0,3
Laynce Nix,70,114,13,28,10,0,3,16,0,0,12,42
Leonys Martin,24,46,6,8,5,2,0,6,3,0,4,12
Lew Ford,25,71,7,13,3,0,3,4,1,0,7,13
Logan Forsythe,91,315,45,86,13,3,6,26,8,2,28,57
Logan Morrison,93,296,30,68,15,1,11,36,1,0,31,58
Logan Schafer,16,23,3,7,1,2,0,5,0,1,1,3
Lonnie Chisenhall,43,142,16,38,6,1,5,16,2,1,8,27
Lorenzo Cain,61,222,27,59,9,2,7,31,10,0,15,56
Lou Marson,70,195,27,44,8,2,0,13,4,2,36,44
Lucas Duda,121,401,43,96,15,0,15,57,1,0,51,120
Luis Cruz,78,283,26,84,20,0,6,40,2,1,9,34
Luis Exposito,9,18,2,1,0,0,0,0,0,0,3,5
Luis Hernandez,2,2,0,0,0,0,0,0,0,0,0,0
Luis Jimenez,7,17,0,1,0,0,0,0,0,0,1,4
Luis Martinez,10,18,1,2,0,0,0,0,0,0,0,4
Luis Valbuena,90,265,26,58,20,0,4,28,0,2,36,55
Luke Carlin,4,14,2,3,1,0,0,1,1,0,0,3
Luke Hughes,8,23,0,3,0,0,0,2,1,0,0,10
Luke Scott,96,314,35,72,22,1,14,55,5,0,21,80
Lyle Overbay,65,116,12,30,10,0,2,10,0,0,13,34
Maicer Izturis,100,289,35,74,11,0,2,20,17,2,25,38
Manny Burriss,60,136,15,29,1,0,0,7,5,3,10,25
Manny Machado,51,191,24,50,8,3,7,26,2,0,9,38
Manny Pina,1,2,0,0,0,0,0,0,0,0,0,0
Marco Scutaro,156,620,87,190,32,4,7,74,9,4,40,49
Mark DeRosa,48,85,13,16,5,0,0,6,1,0,14,18
Mark Ellis,110,415,62,107,21,1,7,31,5,0,40,70
Mark Kotsay,82,143,9,37,8,0,2,14,0,2,11,14
Mark Reynolds,135,457,65,101,26,0,23,69,1,3,73,159
Mark Teixeira,123,451,66,113,27,1,24,84,2,1,54,83
Mark Trumbo,144,544,66,146,19,3,32,95,4,5,36,153
Marlon Byrd,47,143,10,30,2,0,1,9,0,3,5,31
Martin Maldonado,78,233,22,62,9,0,8,30,1,1,17,56
Martin Prado,156,617,81,186,42,6,10,70,17,4,58,69
Marwin Gonzalez,80,205,21,48,13,0,2,12,3,3,13,29
Mat Gamel,21,69,10,17,2,1,1,6,3,0,4,15
Matt Adams,27,86,8,21,6,0,2,13,0,0,5,24
Matt Carpenter,114,296,44,87,22,5,6,46,1,1,34,63
Matt Carson,26,66,3,15,1,0,0,4,0,0,2,21
Matt Diaz,51,108,10,24,6,0,2,13,0,0,9,21
Matt Dominguez,31,109,14,31,2,2,5,16,0,0,4,17
Matt Downs,91,178,15,36,4,1,8,16,2,4,8,38
Matt Hague,30,70,5,16,2,0,0,7,1,0,3,14
Matt Holliday,157,599,95,177,36,2,27,102,4,4,75,132
Matt Joyce,124,399,55,96,18,3,17,59,4,3,55,102
Matt Kemp,106,403,74,122,22,2,23,69,9,4,40,103
Matt LaPorta,22,58,2,14,2,0,1,5,0,0,1,17
Matt McBride,31,78,8,16,2,0,2,11,0,0,1,17
Matt Treanor,36,103,11,18,3,1,2,10,1,1,14,29
Matt Wieters,144,526,67,131,27,1,23,83,3,0,60,112
Matt Young,5,10,2,1,1,0,0,1,0,0,0,9
Mauro Gomez,37,102,14,28,5,2,2,17,0,0,8,26
Melky Cabrera,113,459,84,159,25,10,11,60,13,5,36,63
Melky Mesa,3,2,0,1,0,0,0,1,0,0,0,0
Micah Owings,6,2,0,0,0,0,0,0,0,0,0,2
Michael Bourn,155,624,96,171,26,10,9,57,42,13,70,155
Michael Brantley,149,552,63,159,37,4,6,60,12,9,53,56
Michael Cuddyer,101,358,53,93,30,2,16,58,8,3,32,78
Michael Martinez,45,115,10,20,3,0,2,7,0,0,5,21
Michael Saunders,139,507,71,125,31,3,19,57,21,4,43,132
Michael Taylor,6,21,2,3,1,0,0,0,0,0,0,10
Michael Young,156,611,79,169,27,3,8,67,2,2,33,70
Miguel Cabrera,161,622,109,205,40,0,44,139,4,1,66,98
Miguel Cairo,70,150,9,28,7,2,1,13,4,0,4,20
Miguel Montero,141,486,65,139,25,2,15,88,0,0,73,130
Miguel Olivo,87,315,27,70,14,0,12,29,3,6,7,85
Mike Aviles,136,512,57,128,28,0,13,60,14,6,23,77
Mike Baxter,89,179,26,47,14,2,3,17,5,3,25,45
Mike Carp,59,164,17,35,6,0,5,20,1,0,21,46
Mike Costanzo,17,18,0,1,0,0,0,2,0,0,1,10
Mike Fontenot,47,97,13,28,2,0,1,5,0,1,7,23
Mike Jacobs,13,19,4,4,1,0,0,2,0,0,4,6
Mike McCoy,32,52,10,9,1,0,1,7,2,1,4,6
Mike McKenry,88,240,25,56,14,0,12,39,0,0,29,73
Mike Morse,102,406,53,118,17,1,18,62,0,1,16,97
Mike Moustakas,149,563,69,136,34,1,20,73,5,2,39,124
Mike Napoli,108,352,53,80,9,2,24,56,1,0,56,125
Mike Nickeas,47,109,8,19,3,0,1,13,0,0,8,27
Mike Olt,16,33,2,5,1,0,0,5,1,1,5,13
Mike Trout,139,559,129,182,27,8,30,83,49,5,67,139
Mitch Maier,32,64,8,11,1,1,2,7,2,0,8,24
Mitch Moreland,114,327,41,90,18,0,15,50,1,1,23,71
Moises Sierra,49,147,14,33,4,0,6,15,1,0,8,44
Munenori Kawasaki,61,104,13,20,1,0,0,7,2,2,8,18
Nate McLouth,89,266,39,64,14,1,7,20,12,1,27,61
Nate Schierholtz,114,241,20,62,8,5,6,21,3,2,23,46
Nate Spears,4,4,0,0,0,0,0,0,0,0,0,3
Neil Walker,129,472,62,132,27,0,14,69,7,5,47,104
Nelson Cruz,159,585,86,152,45,0,24,90,8,4,48,140
Nick Green,7,23,1,4,3,0,0,1,0,0,0,6
Nick Hundley,58,204,14,32,7,1,3,22,0,3,15,56
Nick Johnson,38,87,9,18,4,0,4,11,2,0,11,26
Nick Markakis,104,420,59,125,28,3,13,54,1,1,42,51
Nick Punto,87,160,20,35,7,0,1,10,6,0,25,42
Nick Swisher,148,537,75,146,36,0,24,93,2,3,77,141
Nolan Reimold,16,67,10,21,6,0,5,10,1,0,2,14
Norichika Aoki,151,520,81,150,37,4,10,50,30,8,43,55
Nyjer Morgan,122,289,44,69,5,3,3,16,12,5,20,63
Omar Infante,149,554,69,152,30,7,12,53,17,3,21,65
Omar Quintanilla,65,169,25,41,8,0,4,16,0,1,16,42
Omar Vizquel,60,153,13,36,5,1,0,7,3,2,7,17
Omir Santos,3,8,0,1,0,0,0,1,0,0,0,1
Orlando Hudson,86,260,21,53,3,8,3,28,6,3,20,51
Pablo Sandoval,108,396,59,112,25,2,12,63,1,1,38,59
Paul Goldschmidt,145,514,82,147,43,1,20,82,18,3,60,130
Paul Janish,55,167,18,31,6,1,0,9,1,0,17,30
Paul Konerko,144,533,66,159,22,0,26,75,0,0,56,83
Pedro Alvarez,149,525,64,128,25,1,30,85,1,0,57,180
Pedro Ciriaco,76,259,33,76,15,2,2,19,16,3,8,47
Pedro Florimon,43,137,16,30,5,2,1,10,3,1,10,30
Pete Kozma,26,72,11,24,5,3,2,14,2,0,7,19
Pete Orr,35,54,6,17,5,1,0,7,3,1,1,18
Peter Bourjos,101,168,27,37,7,0,3,19,3,1,15,44
Placido Polanco,90,303,28,78,15,0,2,19,0,0,18,25
Prince Fielder,162,581,83,182,33,1,30,108,1,0,85,84
Quintin Berry,94,291,44,75,10,6,2,29,21,0,25,80
Rafael Furcal,121,477,69,126,18,3,5,49,12,4,44,57
Rafael Ortega,2,4,0,2,0,0,0,0,1,0,1,2
Rajai Davis,142,447,64,115,24,3,8,43,46,13,29,102
Ramiro Pena,3,4,0,1,0,0,0,0,0,0,0,0
Ramon Hernandez,52,184,16,40,10,0,5,28,0,1,6,32
Ramon Santiago,93,228,19,47,7,1,2,17,1,0,20,39
Raul Ibanez,130,384,50,92,19,3,19,62,3,0,35,67
Ray Olmedo,20,41,8,10,2,0,0,1,0,0,0,9
Reed Johnson,119,269,30,78,14,3,3,20,2,2,13,61
Reid Brignac,16,21,1,2,0,0,0,1,0,0,1,5
Rich Thompson,23,22,5,2,0,0,0,1,6,2,0,5
Rick Ankiel,68,158,15,36,10,2,5,15,1,3,12,59
Rickie Weeks,157,588,85,135,29,4,21,63,16,3,74,169
Rob Brantly,31,100,14,29,8,0,3,8,1,1,13,16
Rob Johnson,17,52,3,13,2,0,0,4,0,0,4,10
Robert Andino,127,384,41,81,13,1,7,28,5,5,37,100
Robinson Cano,161,627,105,196,48,1,33,94,3,2,61,96
Rod Barajas,104,321,29,66,11,0,11,31,0,0,29,69
Roger Bernadina,129,227,25,66,11,0,5,25,15,3,28,53
Ronny Cedeno,78,166,18,43,11,1,4,22,0,1,17,35
Ronny Paulino,20,63,5,16,3,0,0,5,0,0,1,9
Ruben Tejada,114,464,53,134,26,0,1,25,4,4,27,73
Russ Canzler,26,93,9,25,3,0,3,11,0,0,4,22
Russell Martin,133,422,50,89,18,0,21,53,6,1,53,95
Ryan Braun,154,598,108,191,36,3,41,112,30,7,63,128
Ryan Doumit,134,484,56,133,34,1,18,75,0,0,29,98
Ryan Flaherty,77,153,15,33,2,1,6,19,1,0,6,43
Ryan Hanigan,112,317,25,87,14,0,2,24,0,0,44,37
Ryan Howard,71,260,28,57,11,0,14,56,0,0,25,99
Ryan Jackson,13,17,2,2,0,0,0,0,0,0,1,3
Ryan Kalish,36,96,12,22,3,0,0,5,3,2,6,26
Ryan Langerhans,2,1,0,0,0,0,0,0,0,0,0,1
Ryan Lavarnway,46,153,11,24,8,0,2,12,0,0,11,41
Ryan Ludwick,125,422,53,116,28,1,26,80,0,1,42,97
Ryan Raburn,66,205,14,35,14,0,1,12,1,1,13,53
Ryan Roberts,143,439,51,103,19,0,12,52,10,6,40,92
Ryan Sweeney,63,204,22,53,19,2,0,16,0,0,12,43
Ryan Theriot,104,352,45,95,16,1,0,28,13,5,24,47
Ryan Wheeler,50,109,11,26,6,1,1,10,1,0,9,22
Ryan Zimmerman,145,578,93,163,36,1,25,95,5,2,57,116
Salvador Perez,76,289,38,87,16,0,11,39,0,0,12,27
Sam Fuld,44,98,14,25,3,2,0,5,7,2,8,14
Sandy Leon,12,30,2,8,2,0,0,2,0,0,4,11
Scott Cousins,53,86,7,14,4,1,1,3,1,1,4,24
Scott Hairston,134,377,52,99,25,3,20,57,8,2,19,83
Scott Moore,72,201,23,52,11,0,9,26,0,1,16,56
Scott Podsednik,63,199,19,60,7,0,1,12,8,2,6,35
Scott Rolen,92,294,26,72,17,2,8,39,2,1,30,62
Scott Van Slyke,27,54,4,9,2,0,2,7,1,0,2,14
Sean Burroughs,10,17,0,2,1,0,0,1,0,0,1,3
Sean Rodriguez,112,301,36,64,14,1,6,32,5,0,27,75
Seth Smith,125,383,55,92,23,2,14,52,2,2,50,98
Shane Robinson,102,166,20,42,8,0,3,16,1,0,14,32
Shane Victorino,154,595,72,152,29,7,11,55,39,6,53,80
Shelley Duncan,81,232,29,47,10,0,11,31,1,2,28,59
Shin-Soo Choo,155,598,88,169,43,2,16,67,21,7,73,150
Skip Schumaker,107,272,37,75,14,4,1,28,1,1,27,50
Starlin Castro,162,646,78,183,29,12,14,78,25,13,36,100
Starling Marte,47,167,18,43,3,6,5,17,12,5,8,50
Stephen Drew,79,287,38,64,13,1,7,28,1,2,37,76
Stephen Vogt,18,25,0,0,0,0,0,0,0,0,2,2
Steve Clevenger,69,199,16,40,12,0,1,16,0,1,16,39
Steve Hill,9,10,1,2,1,0,0,0,0,0,0,3
Steve Lerud,3,10,1,2,0,0,0,0,0,0,0,2
Steve Lombardozzi,126,384,40,105,16,3,3,27,5,3,19,46
Steve Pearce,61,159,16,38,8,1,4,26,1,2,20,41
Steve Tolleson,29,71,4,13,3,0,2,6,1,0,4,17
Taylor Green,58,103,8,19,7,0,3,14,0,0,10,24
Taylor Teagarden,22,57,4,9,3,0,2,9,0,0,5,23
Thomas Neal,9,23,2,5,1,0,0,2,0,0,0,6
Tim Federowicz,3,3,0,1,0,0,0,0,0,0,1,2
Todd Frazier,128,422,55,115,26,6,19,67,3,2,36,103
Todd Helton,69,240,31,57,16,1,7,37,1,1,39,44
Tommy Field,2,2,0,0,0,0,0,0,0,0,1,1
Tony Abreu,22,70,5,18,2,1,1,15,0,0,2,13
Tony Campana,89,174,26,46,6,0,0,5,30,3,11,43
Tony Cruz,51,126,11,32,9,1,1,11,0,1,3,19
Tony Gwynn Jr.,103,259,29,60,8,4,0,17,13,6,16,52
Torii Hunter,140,534,81,167,24,1,16,92,9,1,38,133
Travis Buck,33,74,7,16,5,1,0,6,0,0,6,18
Travis Hafner,66,219,23,50,6,2,12,34,0,0,32,47
Travis Ishikawa,94,152,19,39,12,1,4,30,0,0,13,42
Travis Snider,60,164,23,41,7,1,4,17,2,0,17,48
Trayvon Robinson,46,145,16,32,4,1,3,12,6,3,14,43
Trevor Plouffe,119,422,56,99,19,1,24,55,1,3,37,92
Troy Tulowitzki,47,181,33,52,8,2,8,27,2,2,19,19
Tsuyoshi Nishioka,3,12,0,0,0,0,0,1,0,0,1,1
Ty Wigginton,125,315,40,74,11,0,11,43,1,0,37,81
Tyler Colvin,136,420,62,122,27,10,18,72,7,3,21,117
Tyler Flowers,52,136,19,29,6,0,7,13,2,1,12,56
Tyler Graham,10,2,1,0,0,0,0,0,0,1,0,2
Tyler Greene,116,305,34,70,15,2,11,30,12,4,19,95
Tyler Moore,75,156,20,41,9,0,10,29,3,0,14,46
Tyler Pastornicky,76,169,21,41,6,1,2,13,2,0,10,32
Vernon Wells,77,243,36,56,9,0,11,29,3,1,16,35
Vinny Rottino,36,61,12,9,2,0,3,7,4,0,7,17
Welington Castillo,52,170,16,45,11,0,5,22,0,0,17,51
Wil Nieves,32,83,7,25,3,0,2,8,0,1,4,17
Wilin Rosario,117,396,67,107,19,0,28,71,4,5,25,99
Will Middlebrooks,75,267,34,77,14,0,15,54,4,1,13,70
Will Rhymes,47,123,11,28,2,1,1,8,1,2,10,17
Will Venable,148,417,62,110,26,8,9,45,24,6,41,94
Willie Bloomquist,80,324,47,98,21,5,0,23,7,10,12,55
Willie Harris,25,44,5,5,4,0,0,2,1,1,3,8
Wilson Betemit,102,341,41,89,19,0,12,40,0,1,31,103
Wilson Ramos,25,83,11,22,2,0,3,10,0,0,12,19
Wilson Valdez,77,194,15,40,4,0,0,15,3,1,8,36
Xavier Avery,32,94,14,21,6,1,1,6,6,3,11,23
Xavier Nady,59,152,12,28,6,1,4,13,1,0,13,37
Xavier Paul,55,86,8,27,5,1,2,7,4,2,9,18
Yadier Molina,138,505,65,159,28,0,22,76,12,3,45,55
Yamaico Navarro,29,50,4,8,0,0,1,4,0,2,5,13
Yan Gomes,43,98,9,20,4,0,4,13,0,0,6,32
Yasmani Grandal,60,192,28,57,7,1,8,36,0,0,31,39
Yoenis Cespedes,129,487,70,142,25,5,23,82,16,4,43,102
Yonder Alonso,155,549,47,150,39,0,9,62,3,0,62,101
Yorvit Torrealba,64,194,19,44,8,0,4,14,1,1,17,40
Yunel Escobar,145,558,58,141,22,1,9,51,5,1,35,70
Yuniesky Betancourt,57,215,21,49,14,1,7,36,0,1,9,25
Zach Lutz,7,11,1,1,0,0,0,0,0,0,0,5
Zack Cozart,138,561,72,138,33,4,15,35,4,0,31,113
